Entry	EC number	Sequence
A0A0H2ZFK2	3.1.3.16;3.1.3.48	MHRSPLAWLRLLLAAVLGAFLLGGPLHAAETAAPRSPAWAQAVDPSINLYRMSPTLYRSALPNAQSVALLQRLQVKTVVSFIKDDDRAWLGQAPVRVVSLPTHADRVDDAEVLSVLRQLQAAEREGPVLMHCKHGNNRTGLFAAMYRIVVQGWDKQAALEEMQRGGFGDEDDMRDASAYVRGADVDGLRLAMANGECSPSRFALCHVREWMAQALDRP
A0A0M0ELU2	3.5.1.97;4.2.1.51	MNGERIIAFQGRPGAYSDLACRQARPGWTTLPCQTFAQTIAAVHDGRAELAMLACENSLAGRVPDIHALLPEAGLFIVGEHFQRVEHCLLGIPGSTLADARRIHTHPVAMAQVRGIITELGLDPVVEFDTAGAAEMVREWGRKEDVAVASALAAELNGLEILRRNVEDATHNTTRFYIASRRPATLPPPGPGFMTTLLFRVNNQPGALYKALGGLATAGVNMTRLESYMLEGSFSATQFLMDVEGHPEAPPLARALDELSFFSEQQEILGVYPASPFRRKP
A0A2H1K3G9	4.4.1.11;4.4.1.2	MIAVNSRNSLNADMTSLHPETLMVHGGMKGLTEAGVHVPAIDLSTTNPVNDVATGGDSYEWLATGHTLKDGDSAVYQRLWQPGVARFETALAGLEHAEEAVAFATGMAAMTAALLAAVSAGTPHIVAVRPLYGGSDHLLETGLLGTTVTWAKEADIASAIQDDTGLVIVETPANPSLDLVDLDSVVSAAGNVPVLVDNTFCTPVLQQPISHGAALVLHSATKYLGGHGDAMGGIIATNADWAMRLRQVRAITGALLHPMGAYLLHRGLRTLAVRMRAAQTTAGELAERLDAHPAISVVHYPGLKGQDPRGLLGRQMSGGGAMIAMELAGGFDAARSFVEHCNLVVHAVSLGGADTLIQHPASLTHRPVAATAKPGDGLIRLSVGLEHVDDLADDLIAALDASRAAA
A0A6M7H989	5.3.1.15;5.3.1.7	MKRSAINDILGHTRQFFSQHDVHLPPFASFSPAQWQQLDTAAWEEVFDLKLGWDVTAFGRNNFAAHGLTLFTLRNGSAKGMPYVKCYAEKIMHVRDAQVTPMHFHWRKREDIINRGGGNLIVELWNADSNEQTADSDITVVIDGCRQKHTAGSQLRLSPGESICLPPGLYHSFWAEAGFGDVLVGEVSSVNDDDHDNHFLQPLDRYNLIDEDEPAQLVLCNEYRQFR
A0A6N3IN21	4.3.1.17;4.3.1.19;5.1.1.3	MEGASAECVRAEPFHRVTPLLESWALSQVAGMPVFLKYENVQIAGSFKIRGIGHFCQQMAKRGCRHLVCSSGGNAGIAAAYSAQKLGIPVTIVLPESTSKQVVRRLEGEGAEVQLTGKVWDEANVRAQELATRDGWVNVSPFDHPLIWEGNASLVRELKESLRTPPGAVVLAVGGGGLLAGVVAGLLEVGWQHVPIVAMETRGAHSFNAALLAGRLVTLPDITSVARSLGAKTVAARTLECAKECEVLSEVVEDREAVRAVQRFLDDERMLVEPACGAALAAVYSGILGRLQTEGRLSPALDSVVVIVCGGNNISSQQLQELKTQLNCS
A3MTR6	5.3.1.8;5.3.1.9	MLNDYLQWEKFILRGVEFPTRYRVDGDEVEITPSSRLYVSGMGGSGVVGDLIRDFSIVWNWDVEVTVVKDYFLRARDGLLIAVSYSGNTVETLYSVEYAKKRRIPTVAITTGGKLAQMGVPTIIIPKASAPRAALPQMLTAALHVVRKVYGIPIEIPEALEPPNDPLIHKLMEDFQKRPTIVAPETMRGVAYRVKNEFNENAKIEPSVEILPEAHHNWIEGSERPIVALTSPHIPREHQERVKATLEILGGTLYVVEMSTRGVLTFLREVGVASIKLAESRGVNPLATPRIEALKRRLQ
A7X657	2.7.1.134;2.7.1.159;2.7.4.21	MAEKRFGVIGYALAPKKQNSFIRDSLVSLAKSRGIELVRVDSDKPLADQGPFDCVLHKLYGDDWKRQLQEFHTLYPNAVILDAPEAIERLHNRISMLQVVSELRIEDRPETFGIPKQIVIYDKATLLDPQAWESLKFPVIAKPLVADGSAKSHKMALVFTRDALNKLKPPIVLQEFVNHGGVIFKVYVVGEHVRCVKRKSLPDVSDEEKALGGVSEDLMSFSQVSNLATVNDCDGYYRLMHLDDDTEMPPDAFVVDIAGGLRRALKLNLFNFDVIRDARYGNRYLIIDINYFPGYAKMPGYEAVLTQFFCEVMLKKKQQEEQQQEEGNAPKEKEESLQA
A7X665	2.7.1.134;2.7.1.159;2.7.4.21	MSESEVAGQRYRVGYALQGKKVESFIQPSLLDHAKQHSIDLVQIDPTAPLQQQGPFHCIIHKLHTQHWKNLLQQFSSKHPNTVIIDPPELVDRLHNRVSMLDAVTHLQFSLENATIGVPKQVVVNEPKSFDLHKFEEEQGLRFPVIAKPLAADGGAGSHELCLVFDEEGLHALSVPMVLQEFVNHGGVVFKIYVAGQRVNCVKRKSLGDITEEKLKVLRGSLPFSRVSSLGVEDEGGGAVEDAEMPPQSLVGELARGLREALGLNLFNVDVIRDGKEPTRYLVIDINYFPGYAKLPSYEPFITDFLLDIVRSKTA
A7X672	2.7.1.134;2.7.1.159	MRLREEVACKNDDVCEKEEVVIENDVTVAQNHWCPVVNAGFSSPKRVVVVGYALTTKKIKSFLQPKLEGLARNKGILFVAIDHNRPLSDQGPFDIVLHKLSGKEWRQVLEDYRLSHPEVTVLDPPDAIQHLRNRQYMLQAVADMNLSDSYGIVGVPRQLVIKRDALAIPELVNKAGLTLPLVAKPLVADGSAKSHELSLAYEHFSLQNLEPPLVLQEFVNHGGVLFKVYIVGDAIKVVRRFSLPDVSKWELSKDAGIYRFPRVSCAAASADDADLDPTVAELPPRPLLEKLAKELRWRLGLRLFNLDIIREYGTRNHFYVIDINYFPGYGKMPEYEHIFTDFLLSLGQGKYKKK
A7X680	2.7.1.134;2.7.1.159	MRLNGEISSGEEEEEEKQTGTTTFSSQKVVVGYALTSKKKKSFLQPSFTGLARNRGINFVAIDLNKPLPEQGPFDIILHKLSGEVWREIIEDYREKHPEVTVLDPPDAIQHLHNRQSMLQDVLDLNLSDCHGKVGVPRQLVITKEKDPSSIPYEVTKAGMKLPLVAKPLVVDGTAKSHELFLAYDEFSLSAVEPPLVLQEFVNHGGLLFKIYIVGETIKVVRRFSLPNISKRELSKVAGVFRFPRVSCAAASADDADLDPNIAEHPPRPLLERLARELRHRLGLHLFNIDMIREYGTKDVFYVIDINYFPGYGKMPGYEHVFTDFLLSLVESKCSNKKLAA
B2GV72	1.1.1.184;1.6.5.10	MSSCSRVALVTGANKGIGFAITRDLCRKFSGDVVLTARDEARGRAAVKQLQAEGLSPRFHQLDIDNPQSIRALRDFLRKEYGGLNVLVNNAGIAFRMDDPTPFDVQAEVTLKTNFFATRNVCTELLPIMKPHGRVVNVSSLQGLKALENCSEDLQERFRCDTLTEGDLVDLMKKFVEDTKNEVHEREGWPDSAYGVSKLGVTVLTRILARQLDEKRKADRILLNACCPGWVKTDMARDQGSRTVEEGAETPVYLALLPPDATEPHGQLVRDKVVQTW
C4M4T9	3.1.3.57;3.1.3.7	MSFDKELALALEIVQVSCKITTSVAEHTLTDQTQIKNDKSPVTVGDYSVQAYVNKKIHETFPEDQIVAEEDTKTIPEDIFAKVCKHVQIYSDMKDDEIRKSIDLGNSTGGKGRHWVLDPIDGTLGFLRREQYAVCLAFMIDGDIKVGVLGCPNFEGGLIVAAQKGCGAKMFSVNDIKNGKDIHVSTTPKTSDMCFCESVEVSHTDQSRSKTITERLQVTKPPVRMDSQCKYMAIASGRADVYLRLPRNLSYQEKIWDHAAGYLIVKEAGGKVTDIYGNDLDFSLGRTLCNNHGIVASNGILHEETVNVVKDVLSDLK
C4M633	3.1.3.57;3.1.3.7	MQTSLFEFANVLITAVKEASYSISKFKEEVEIKYKSDGSEVTQVDTQSQQIIFSIIKNKYPTINIIGEEDVENGIPDNQLPTITQLSFGSLENKIININDIIIYVDPLDGTDCYTHKQYDSVCVLVGVTYKGKPMIGIVSKPFYNNEITFAIENYISSISLQPLNDKIIFVCSKKNDIQHLIKSFPDPYEVKYKGGSGAKMMAIIHQEADIYYHPLIQSCTWDTLAAQVILEAQGGIVCDIYGNPLCYPSSKKESMRHKKGVLCLSPRAKKYLPYMLSISKTILL
E4Q361	3.2.1.21;3.2.1.23;3.2.1.37;3.2.1.74;3.2.1.91	MSFPKGFLWGAATASYQIEGAWNEDGKGESIWDRFTHQKGNILYGHNGDVACDHYHRHEEDVSLMKELGIKAYRFSTAWARIFPDGFGNINQKGLEFYDKLINELVENGIEPVVTLYHWDLPQKLQDIGGWANPEIVNYYFEYAMLIINRYKDKVKKWITFNEPYCIAFLGHWHGIHAPGIKNFKVAMDVVHNIMLSHFKVVKAVKENNIDVEIGITLNLTPVYLQTERLGYKVSEIEREMVNLSSQLDNELFLDPVLKGSYPQKLLDYLVQKDLLDSQKVNNMQQEVKENFIFPDFLGINYYTRSVRLYDENSGWIFPIRWEHPAGEYTEMGWEVFPQGLFDLLIWIKESYPQIPIYITENGAAYNDKVEDGRVHDQKRVEYLKQHFEAARKAIKNGVDLRGYFVWSLIDNFEWAMGYTKRFGIIYVDYETQKRIKKDSFYFYQQYIKENS
E9LVH9	3.1.1.101;3.1.1.74	MANPYERGPNPTDALLEARSGPFSVSEERASRFGADGFGGGTIYYPRENNTYGAVAISPGYTGTQASVAWLGERIASHGFVVITIDTNTTLDQPDSRARQLNAALDYMINDASSAVRSRIDSSRLAVMGHSMGGGGTLRLASQRPDLKAAIPLTPWHLNKNWSSVRVPTLIIGADLDTIAPVLTHARPFYNSLPTSISKAYLELDGATHFAPNIPNKIIGKYSVAWLKRFVDNDTRYTQFLCPGPRDGLFGEVEEYRSTCPF
F7IX06	3.1.1.101;3.1.1.74	MSVTTPRRETSLLSRALRATAAAATAVVATVALAAPAQAANPYERGPNPTESMLEARSGPFSVSEERASRFGADGFGGGTIYYPRENNTYGAIAISPGYTGTQSSIAWLGERIASHGFVVIAIDTNTTLDQPDSRARQLNAALDYMLTDASSAVRNRIDASRLAVMGHSMGGGGTLRLASQRPDLKAAIPLTPWHLNKSWRDITVPTLIIGAEYDTIASVTLHSKPFYNSIPSPTDKAYLELDGASHFAPNITNKTIGMYSVAWLKRFVDEDTRYTQFLCPGPRTGLLSDVEEYRSTCPF
G8GER6	3.1.1.101;3.1.1.74	MPPHAARPGPAQNRRGRAMAVITPRRERSSLLSRALRFTAAAATALVTAVSLAAPAHAANPYERGPNPTDALLEARSGPFSVSEERASRFGADGFGGGTIYYPRENNTYGAVAISPGYTGTQASVAWLGERIASHGFVVITIDTNTTLDQPDSRARQLNAALDYMINDASSAVRSRIDSSRLAVMGHSMGGGGTLRLASQRPDLKAAIPLTPWHLNKNWSSVRVPTLIIGADLDTIAPVLTHARPFYNSLPTSISKAYLELDGATHFAPNIPNKIIGKYSVAWLKRFVDNDTRYTQFLCPGPRDGLFGEVEEYRSTCPF
J9VJP1	2.1.2.3;3.5.4.10	MSSEAPIALLSVYDKTGLLPFAKSLKELGFRLLGSGGTAKMIREAGMEIEDVSNITKAPEMLGGRVKTLHPAVHGGILSRDIPSDLADLATNKISPITLVVCNLYPFVLQTAKPDCTLAGAIEEIDIGGVTLLRAAAKNHGRVSIISSPSDYETIVAELRAKGEVSAETRRGLAIKAFEDTKSYDEAISDYFRKVYATPGVEEEMKAGAGVGYQRLGLRYGANPHQKPAQAFVEQGEMPIKVLSGSPGYINLLDALNSWALVKELAAGLDLPAAASFKHVSPAGAAVGLPLDERAAKVFGVEDLKELSPLACAYARARGADRMSSFGDFIALSHTVDTPTAKIISREVSDGVIAPGYEPEALEILSKKKGGKYCVLQMDPTYVPPEIETRQVYGISLQQKRNDCKIDESLFKNVVTANKDLPKSAVTDLVVATLALKYTQSNSVCYALNGTVIGLGAGQQSRIHCTRLAGDKADNWWLRHHPRVLELPFKKGTKRADKANAIDLFVTGQAFEAEGGERAQWESLFETVPEPLTKEEREKHMKELTGVACASDAFFPFPDNVHRAKRSGATYLAAPSGSIMDKECIKAADESNLVFCHTDLRLFHH
M9PF61	1.1.1.21;1.1.1.300;1.1.1.372;1.1.1.54	MNTLMKIQLVRPVFRITLRNYGKPERFMWCQKEYARAPKVVCLDGNEIPVIGLGTFNSPKGQVTEAVKVAIDAGYRHIDCAYVYQNEDEVGDGVEAKIKEGVVKREDLFITSKLWNTFHRPDLVKSALENTLSSLKLKYLDLYLIHWPMGYKEGCDLFPTDKDGKTLYSPVDYVDTWKAMEKLVEEGLVKSIGVSNFNRRQIERVLEVATIPPVTNQIECHPYLTQKKLIDFCKSKDITITAYSPLGSPNRPWAKAGDPVILEEAKIKEIAAKKKKTPGQILIRYQVQRANIVIPKSVTKDRIESNFQVFDFELTPEEIEIIESFECNGRLVPLLNQYGHPHHPFEKDEY
O22448	1.11.1.24;1.11.1.9	MANPEFYGLSTTTLSGQPFPFKDLEGKAVLIVNVASKCGFTPQYKGLEELYQQYKDRGLVILGFPCNQFGGQEPGDASAIGEFCQRNFGVTFPIMEKSDVNGNDANPVFKYLKSQKKQFMMEMIKWNFEKFLVDKSGQVVARFSSMATPASLAPEIEKVLNA
O24022	3.4.11.1;3.4.11.5	MATLRVSSLFASSSSSLHSNPSVFTKYQSSPKWAFSFPVTPLCSKRSKRIVHCIAGDTLGLTRPNESDAPKISIGAKDTAVVQWQGDLLAIGATENDMARDENSKFKNPLLQQLDSELNGLLSAASSEEDFSGKSGQSVNLRFPGGRISLVGLGSSASSPTSYHSLGQAAAAAARSSQARNIAVALASTDGLSAESKINSASAIATGVVLGSFEDNRFRSESKKSTLESLDILGLGTGPEIERKIKYAEHVCAGVILGRELVNAPANIVTPAVLAEEAKKIASTYSDVISVNILDAEQCKELKMGAYLAVAAAATENPPYFIHLCFKTPTKERKTKLALVGKGLTFDSGGYNLKVGAGSRIELMKNDMGGAAAVLGAAKALGEIRPSRVEVHFIVAACENMISAEGMRPGDIVTASNGKTIEVNNTDAEGRLTLADALIYACNQGVEKIIDLATLTGAIMVALGPSVAGAFTPNDGLANEVVAAAEASGEKLWRMPMEESYWESMKSGVADMINLGPGNGGAITGALFLKQFVDEKVQWLHLDVAGPVWSDEKKNATGYGVSTLVEWVLRN
P0DO58	2.4.1.115;2.4.1.294	MTKNISRDRHVAVLPFPFSSHAGRLLTLVRRLAAAAPNVTFSFYSTPKSIESLFSPAERVPGNVRPYAVPDGVPEGHVFSGEPVEHVNLYLTAVGEGESLRGVLKAAEAETGRRIGCVMSDAFMWFAGDLAEEMGVPWVPFMAGGANSITAHFYTDLIRETVGMHDIVGRENDIVKFIPGFSELRLGDLPTGVLFGNLESPFAIMLHKMGRALPKATAIAINSFEELDPDIIQDLKSKFKMILNVSPFSAISLPSSPPPPPTSYTDEYGCMPWLDNRKAASVAYIGFGTLATPPPVEIAALAEALEASGTPFLWSLKDNPKEFFPEGFIKRTSERQKIVPWAPQEQVLAHGSVGVFVTHCGWNSALESIAAGVPLIGRPFFGDHQLNAWLVENVWKIGVRVEGGVFTKSGTMSALELVLTHEKQKELRARVEMFKKLALKAVGPEQSSTRNLHTLLEIVAGYNL
P0DO59	2.4.1.115;2.4.1.294	MTNSSKGRHVAVLPFPFSTHAAPILSIIRRLASAAPDVTFSFFSTPQSIQTLFPSENPENNIRPHAISDGVPEGFVFSGKHHEDINLFLAAGKESFEAGMKAAEAETGRRIDCVVSDAFMWFSCELAEEMGVPWVTLWVSGACSLAAHCYTDLIRETVGMHDTAGREDEIVKFVPGFSEVRLGDLPSGVVYGNLESPFSMMLYKMGQVLHKAAAVAINSFDELEPEPVKVLASKLKLLTCGPFNPISPPPSSNLDEYGCIPWLDRRKAASVAYIGFGTVATPPPVELAALAEALEASSTPFLWSLRDNPKQHLPEGFLKRTSELQKIVPWAPQAQVLAHRSVGVFINHCGWNSVVESVEAGVPIIGRPFFGDHQVDAWMVENVWKIGVRVEGAVFTKGITMSALELVLSHDQKQKELREQVGKYKEFALKAFGPKQRSTCNLSTLLEIVAGYNL
P0DX29	3.1.1.1;3.1.1.3;3.1.1.74	MSALTSQPTSSGSSEKIPRLRGWRAKAAGVVLAALALTTGVAAPAPAAANPYERGPDPTTASIEATSGSFATSTVTVSRLAVSGFGGGTIYYPTTTTAGTFGALSIAPGFTATQSSIAWLGPRLASQGFVVFTIDTLTTSDQPDSRGRQLLASLDYLTQQSSVRSRIDSTRLGVVGHSMGGGGTLEAARSRPTLQAAVPLTAWDLTKNWSTLQVPTLVVGAQSDTVAPVASHSIPFYTSLPSTLDRAYLELRGASHFAPNSPNTTIAKYTLSWLKRFIDNDTRYEQFLCPIPSTSLSISDYRGNCPHNG
Q47RJ6	3.1.1.101;3.1.1.74	MAVMTPRRERSSLLSRALQVTAAAATALVTAVSLAAPAHAANPYERGPNPTDALLEASSGPFSVSEENVSRLSASGFGGGTIYYPRENNTYGAVAISPGYTGTEASIAWLGERIASHGFVVITIDTITTLDQPDSRAEQLNAALNHMINRASSTVRSRIDSSRLAVMGHSMGGGGTLRLASQRPDLKAAIPLTPWHLNKNWSSVTVPTLIIGADLDTIAPVATHAKPFYNSLPSSISKAYLELDGATHFAPNIPNKIIGKYSVAWLKRFVDNDTRYTQFLCPGPRDGLFGEVEEYRSTCPF
Q6IP81	3.3.2.6;3.4.11.4	MADPSSFASPEKFNIKHMHLKLHVDFTSRAIAASTSLTVRSLQDSLASLILDTKDLTIKKVAVNGKDATFALGTTHSFKGTPLEITLPFSLTRGQEVIVEIDSVTSPKSSALQWLNKEQTAGKIHPYLFSQCQATHCRSIIPCQDTPSVKFTYYSQVSVPKELMALMSALRDGELSEQSDSNRKIYRFKQNVPIPSYLIALVVGALEGRKVGPRTTIWTEKELLEPSVYEFAETEKMLKYAEDLAGPYVWGQYDLLILPPSFPYGGMENPCLTFVTPTVLAGDRSLASVIAHEISHSWTGNLVTNETWENFWLNEGHTVYLERRIDGRLYGEEFRQFKALGGWKELQNSVNTFGATNPLTNLVPNLHEVDVDAAFSSVPYEKGFALLFYLEQLLGGPEIFLGFLKSYIQMFAFKSVTTEEWKKFLYSYFKDKVDILDKVDWKGWMHTPGMPPVQPKYDMTLANACITLGQKWVKATESDLGSFSADDVKDLSSHQLIEVLAILLLEKPLPVSHVKRMQEVYNLNDVKNSEIRFRWLRLCIRAGWEDVIPLALAMATEQGRMKFTRPLYRDLYNFEKAREQTVNTFLKNRSFMHPVTEMLVAKDLHISAS
Q79FW0	2.6.1.21;4.1.3.38	MVVTLDGEILQPGMPLLHADDLAAVRGDGVFETLLVRDGRACLVEAHLQRLTQSARLMDLPEPDLPRWRRAVEVATQRWVASTADEGALRLIYSRGREGGSAPTAYVMVSPVPARVIGARRDGVSAITLDRGLPADGGDAMPWLIASAKTLSYAVNMAVLRHAARQGAGDVIFVSTDGYVLEGPRSTVVIATDGDQGGGNPCLLTPPPWYPILRGTTQQALFEVARAKGYDCDYRALRVADLFDSQGIWLVSSMTLAARVHTLDGRRLPRTPIAEVFAELVDAAIVSDR
Q837L8	4.2.2.1;4.2.2.5	MKNRKIWVMLVGLFTALTNGFMGTTLTFAEENEASQTIEQPSYISDFPNQVGHWQDLVGTAEKKNDSAGLWIANTKQGTNLESVSINLDAREQSSGDLELTFLYEGQSNFGLVFRGDKQKTSQWQSFAYNRDGRWQLGQPGGKWLTNIPGPTLLSGQQYKLLVRYDGKKIQTFLNDQLFYENEEVHYPDGTSINDDWMGAVGIRLFGNLSKLNIISMKSGPVGSIPVIDSSAEYRELKEKWRNQLVSKEYDSTNQALVDYVQKISNEATELDQTMNKEPNRSYLWPLEPGNTPSADLTTQFTKLQKLALAYGTKGSTLYQDDKLAATIIDGLDFMVTQKGYDGKKYHGNWWDWQIGVPQKFLNILMILEDKVSPEKQQIYTNALSSYVPDPFKQLYTKPQGTFVDLAFIPNFVTSGANRTDLALTVLGLGILQKDSGKINQASSSIVDVFKLVTKGDGFYQDGSFIQHNNIPYTGSYGNVLVKGVGQILAITADSSFQMDATLVTEFVENVDRAFLPLIYKGEMLPTVNGRSISRAPAVGKTGYGSTTMYNLLIVAKFAPNNYQKKFQEAVKYWMKENPDYYLTNARDFNDLQMTMQLLTNPEITGGQLPFTGTKLYASMDRFVQRTPSYMFGLGLYSKRTASFEAGNKENKRGWHTGDGMMYVYNDDEVQFNSSYWPTVDPYRLPGTTVDTISLADEVSAFTTITSKEQWVGGVTSDNQAVVGMALNKDGTKNNGKLLPMNLQAKKSWFVLNGQIIALGAGIKGDTEASIETVVDNRLLNDAYQYQVLSNIGEIHEKNETSKKQWLLLKSDHSNANMGYYFPEETTVNVKSETRKGTYKAINEAFPSDKEYVGDYRTFTIQHGQHPTNEHYAYVVLPGIDETDLKTYAAKKTVEVLSNTEEIQAVKQEEEGYLGVNIWSETGGTIAGITSNKAISLMRKTQQHQKTYTFSDPTQTTKTLTLKIPKDYSTVISQSDGITYDDATETFTINFENAAGSSKQIIVE
Q8GUT5	2.3.1.255;2.3.1.48	MSTISIHRTETLRITHARSRIFRQRYRRTIPLWKLTINSRSSDTSKKEELSVQISIPPQVDQSRPEGLRFDRLQPPEPEFGHEDRFEFGKFVAREAMLDEEYWTAAWLRAESHWEDRSNERYVDNYKRKFAEQEFNAIKRRCKGMQGQKCSCIVAVKKEEKHIKRSVIKSVVGTLDLSIRYFLQGETFPGEKVKSQLFCSINQEGSNRYGYIANLCVAKSARRQGIACNMLRFAVESARLSGVEQVYVHVHKNNSVAQELYQKTGFKIVETGKFESLDDDTYLLQYTS
Q8I4S1	2.7.4.8;2.7.4.9	MTDDKKKGKFIVFEGLDRSGKSTQSKLLVEYLKNNNVEVKHLYFPNRETGIGQIISKYLKMENSMSNETIHLLFSANRWEHMNEIKSLLLKGIWVVCDRYAYSGVAYSSGALNLNKTWCMNPDQGLIKPDVVFYLNVPPNYAQNRSDYGEEIYEKVETQKKIYETYKHFAHEDYWINIDATRKIEDIHNDIVKEVTKIKVEPEEFNFLWS
Q8NMB0	1.2.1.64;1.2.1.67;1.2.1.96	MTATFAGIDATKHLIGGQWVEGNSDRISTNINPYDDSVIAESKQASIADVDAAYEAAKKAQAEWAATPAAERSAIIYRAAELLEEHREEIVEWLIKESGSTRSKANLEITLAGNITKESASFPGRVHGRISPSNTPGKENRVYRVAKGVVGVISPWNFPLNLSIRSVAPALAVGNAVVIKPASDTPVTGGVIPARIFEEAGVPAGVISTVAGAGSEIGDHFVTHAVPKLISFTGSTPVGRRVGELAINGGPMKTVALELGGNAPFVVLADADIDAAAQAAAVGAFLHQGQICMSINRVIVDAAVHDEFLEKFVEAVKNIPTGDPSAEGTLVGPVINDSQLSGLKEKIELAKKEGATVQVEGPIEGRLVHPHVFSDVTSDMEIAREEIFGPLISVLKADDEAHAAELANASDFGLSAAVWSKDIDRAAQFALQIDSGMVHINDLTVNDEPHVMFGGSKNSGLGRFNGDWAIEEFTTDRWIGIKRS
Q94AC8	2.3.1.255;2.3.1.48	MAFLCSSLPSSSSIAIFGDPNTDGSSRSYLSIPSLKLRFRPVAASSHICAPAIDKSTFVISESVSEDELWAAACLRVRTFNELNPSAYNIQDHRRYLAEREFEALKERTSGKREGFTRVACINATLPLSQLSSSFEDLCSACKFSDGIEDRVVVGSLDLNQCRWLPDEIAGTKPEGIGVDFARAYLSNVCVAKELHRNGVGYKLIDKSKRVAGEWGITDMYVHVTVDNEAAKSLYMKSGFEQETAEPAWQARYLNRPQRLLLWLALPTSPIMSM
Q9C666	2.3.1.48;2.3.1.87	MFLGGTISTPPASLRLRSTLNPQNAVTQSSSQATFPAAMQRKPPSYSISDEDLESRGFLLRRTTEGLNLDQLNSVFAAVGFPRRDTAKIEVALQHTDALLWVEYEKTRRPVAFARATGDGVFNAIIWDVVVDPSFQSCGLGKAVMERLIEDLQVKGICNIALYSEPRVLGFYRPLGFVSDPDGIKGMVFIRKQRNKK
Q9C7G6	2.3.1.255;2.3.1.48	MGHLPQSLYSAAGPKFPYPGSSGLGVDQRKLTWSRFPVFLRCASTESLTSLTQNNAAEIELKYLVSQHGWDVRRLNRDDEDEIRRVSLVQAEAFHIPLALFDDFFFMFFQAEVLSALLYKLKNSPPDRYACLVAEQTSETETLSSSSVVGVVDVTAQTESSVLRYFPGVEEYLYVSGLAVSKSQRRKKMASTLLKACDVLCYLWGFKLLALRAYEDDAAARNLYSNAGYSVVETDPLWTSTWIGRKRRVLMSKRFS
Q9FPK5	4.1.1.17;4.1.1.18	MAGQTIIVSGLNPAAILQSTIGGGASPTAAAAENGTRKVIPLSRDALQDFMLSIITQKLQDEKQPFYVLDLGEVVSLMDQWKSSLPNIRPFYAVKCNPEPSFLSILSAMGSNFDCASRAEIEYVLALGISPDRIVFANPCKPESDIIFAAKVGVNLTTYDSEDEVYKIRKHHPKSELLPRIKPMFDGNARCPMGPKYGALPEEVEPLLRAAQAARLTVSGVSFHIGSGDADSNAYLGAIAAAKEVFETAAKLGMSKMTVLDVGGGFTSGHQFTTAAVAVKSALKQHFDDEPELTIIAEPGRFFAETAFTLATTVIGKRVRGELREYWINDGLYGSMNCVLYDHATVNATPLAVLSNRTNVTCGGSKTFPTTVFGPTCDALDTVLRDYQLPELQVNDWLVFPNMGAYTKAAGSNFNGFNTSTIVTHLAYTYPS
Q9LR91	2.3.1.255;2.3.1.48	MAALSISLAFSVDSLKPTQSTKFGFSSSSHRYPLLYSCKSHRSNLRFAFPPSSVSTATETGEENSKSTGNYAFLEESFRTGRFLSNDELEKLKTLEGFAYFQELESGSMWVRVMRHEEMDSTVHLLAESFGESMLLPSGYQSVLRFLIKQYLIERREVLPHAVTLVGFFRKKVDEFSDDGEEEAVMAGTVEVCLEKRGANASPPSPTPPKESPYICNMTVKEDLRRRGIGWHLLKASEELISQISPSKDVYLHCRMVDEAPFNMYKKAGYEVVKTDTVLVLLMLQRRKHLMRKKLLPLCTNPIVEMVGSDNELTSSANV
Q9VC03	2.7.7.1;2.7.7.18	MIVKISWPKNNITSECFRRFGSFKRRSKSKKMSAFIEETKSLLPRIAFIACGCFSPPTPMHLRMFEIAKDHFEMQGTHRVVGGIISPTHDSYGKKGLASALDRCAMVKLATQSSNWIRLSDWEVHQNQWMRTQAVLQHHQNYINNHINSGGGGGDDGENTHLPGWLPRGLHDSRDPVHLKLLCGADLLESFAVPGLWAEADIEDIVANHGLVVITRAGSNPGKFIFDSDILTKYQSNITLITNWVPNEVSSTLIRRLLGRGQSVKYLLDDLVLEYIKRQRLFNFKSKYITDAVRPNHLLFNHAYTDNNKNANSYSIGDQLEQDMDESDTPSPQLQHTPTSRVFCCGEVPLRGSKVLRSGPGQAVQVITMQADEKEESQAKKQKISQVQL
Q9WYJ1	4.3.1.17;4.3.1.19	MITLEDIKEAQRTLKNVVHRTALAYSSVLSEVTGGEIYLKMENLQKTGSFKIRGAYNKIAHLSEEERKRGVVAASAGNHAQGVALAAQIFGIPATIVMPRYAPLSKITKTRNLGAQVILEGNIFDEAYEAALRIQEKTGAVFVHPFNDPHVIAGQGTIGLEIMEDLPDVEVVVVPVGGGGLISGVSVAIKSMNPEVKVIGVQTENMPSMIASLRRGRAERVEGKPTLADGIAVKKPGDLTFELVKKYVDEMVAVNEEEIADAILFLLEQAKVVAEGAGAVGVAAVLNKLDVKGKKVAIVISGGNIDVNMIDRIINKGLVKSGRKVFIETFVMDRPGALKELLGIVAELGANVLSVFHNRSAKEVPIGFAKIELELETVDEKHVEEIERVLIAKGYEVRIVG
Q9ZV08	2.3.1.255;2.3.1.48	MRSTPLGTTAVSPASIKHNSYGYGRFVSSSGVSNFSIHRRRRHSSFSISQAPSQINSGACNASQIVDLFPAVSPEIVVREARLEDCWEVAETHCSSFFPGYSFPLDVVLRVDRLMAMVMGFSIPPGCQRTCLVAVIGSSVDETICFGSDDFKIGAFDAKISLNKGYVAGILTVDTVADYLPRKGPLRQRRTGIAYVSNVAVRENFRRKGIAKRLIWKAEALAKNWGCRAIGLHCDLNNLGATKLYKDQGFRSIKIPEGATWPQPKTSPDTRFTFMMKLVNNNNTQALEQFR
A0A061AE05	2.7.1.25;2.7.7.4	MLTPRDENNEGDAMPMLKKPRYSSLSGQSTNITYQEHTISREERAAAVGRHEGFRGCTIWFTGLSGAGKTTISFALERTLNKLGIPCYGLDGDNIRHGLCKNLGFSKEDRQENIRRVAEVAKLFADSGMICLAAFISPFQEDRLDARKIHESENVKFIEVHVSTTLEVCEQRDPKPSELYKKARAGQILGFTGIDSAYEPPENAEIILDAGKDGVQQCVQKVLDHLESKGLLPEQIPDVPAVRELFVSDDLTVAELLKESQNLPTVELTKVDLQWLQVLAEGWATPLSGFMRERQYLQSMHFGQLLDLKHKVAFVGEKSDDKEDSWPMMDDINQSIPIVLPISDDVKKGLEGVTRIALKYNGQVYAILSDPEIFEHRKDERVCRQFGTNDPRHPAVAQVLESGNWLLGGDVAVVQKIQFNDGLDKYRKTPNELRAIFAEKNADAVFAFQLRNPIHNGHALLMRDTREKLLAEHKNPILLLHPLGGWTKDDDVPLDIRIKQHEAVIAERVLDPEWTVLSIFPSPMMYAGPTEVQWHARSRIAAGIQHYIVGRDPAGIQKPGSPDALYETTHGAKVLSMAPGLSALHILPFRVAAYDKTAKKMSFFDTSRKEDFENISGTKMRGLARNGDTPPEGFMAPTAWEVLAGYYKSLQNSN
A0A0H2URT2	1.1.1.1;1.2.1.3	MADKKTVTPEEKKLVAEKHVDELVQKALVALEEMRKLDQEQVDYIVAKASVAALDAHGELALHAFEETGRGVFEDKATKNLFACEHVVNNMRHTKTVGVIEEDDVTGLTLIAEPVGVVCGITPTTNPTSTAIFKSLISLKTRNPIVFAFHPSAQESSAHAARIVRDAAIAAGAPENCVQWITQPSMEATSALMNHEGVATILATGGNAMVKAAYSCGKPALGVGAGNVPAYVEKSANIRQAAHDIVMSKSFDNGMVCASEQAVIIDKEIYDEFVAEFKSYHTYFVNKKEKALLEEFCFGVKANSKNCAGAKLNADIVGKPATWIAEQAGFTVPEGTNILAAECKEVGENEPLTREKLSPVIAVLKSESREDGITKARQMVEFNGLGHSAAIHTADEELTKEFGKAVKAIRVICNSPSTFGGIGDVYNAFLPSLTLGCGSYGRNSVGDNVSAINLLNIKKVGRRRNNMQWMKLPSKTYFERDSIQYLQKCRDVERVMIVTDHAMVELGFLDRIIEQLDLRRNKVVYQIFADVEPDPDITTVNRGTEIMRAFKPDTIIALGGGSPMDAAKVMWLFYEQPEVDFRDLVQKFMDIRKRAFKFPLLGKKTKFIAIPTTSGTGSEVTPFAVISDKANNRKYPIADYSLTPTVAIVDPALVLTVPGFVAADTGMDVLTHATEAYVSQMASDYTDGLALQAIKLVFENLESSVKNADFHSREKMHNASTIAGMAFANAFLGISHSMAHKIGAQFHTIHGRTNAILLPYVIRYNGTRPAKTATWPKYNYYRADEKYQDIARMLGLPASTPEEGVESYAKAVYELGERIGIQMNFRDQGIDEKEWKEHSRKLAFLAYEDQCSPANPRLPMVDHMQEIIEDAYYGYKERPGRRK
A0A0H2ZM56	1.1.1.1;1.2.1.3	MADKKTVTPEEKKLVAEKHVDELVQKALVALEEMRKLNQEQVDYIVAKASVAALDAHGELALHAFEETGRGVFEDKATKNLFACEHVVNNMRHTKTVGVIEEDDVTGLTLIAEPVGVVCGITPTTNPTSTAIFKSLISLKTRNPIVFAFHPSAQESSAHAARIVRDAAIAAGAPENCVQWITQPSMEATSALMNHEGVATILATGGNAMVKAAYSCGKPALGVGAGNVPAYVEKSANIRQAAHDIVMSKSFDNGMVCASEQAVIIDKEIYDEFVAEFKSYHTYFVNKKEKALLEEFCFGVKANSKNCAGAKLNADIVGKPATWIAEQAGFTVPEGTNILAAECKEVGENEPLTREKLSPVIAVLKSESREDGITKARQMVEFNGLGHSAAIHTADEELTKEFGKAVKAIRVICNSPSTFGGIGDVYNAFLPSLTLGCGSYGRNSVGDNVSAINLLNIKKVGRRRNNMQWMKLPSKTYFERDSIQYLQKCRDVERVMIVTDHAMVELGFLDRIIEQLDLRRNKVVYQIFADVEPDPDITTVNRGTEIMRAFKPDTIIALGGGSPMDAAKVMWLFYEQPEVDFRDLVQKFMDIRKRAFKFPLLGKKTKFIAIPTTSGTGSEVTPFAVISDKANNRKYPIADYSLTPTVAIVDPALVLTVPGFVAADTGMDVLTHATEAYVSQMASDYTDGLALQAIKLVFENLESSVKNADFHSREKMHNASTIAGMAFANAFLGISHSMAHKIGAQFHTIHGRTNAILLPYVIRYNGTRPAKTATWPKYNYYRADEKYQDIARMLGLPASTPEEGVESYAKAVYELGERIGIQMNFRDQGIDEKEWKEHSRELAFLAYEDQCSPANPRLPMVDHMQEIIEDAYYGYKERPGRRK
A0A1L8FZ98	2.3.2.27;2.3.2.36	MAASENNMEEINPVLRISQLDAIELNKALEQLIWSQFSSCFQGFKPGLLTRFEPEIKASLCLFLWRYTIYTKNATVGQTILNMQYKNDLAVTKKYRPLNKQQKVWFALFLVGGKWLEERSFDLFSNHPFGASFQRTKYFLNAISGLLKFGALLNFLIFLQQGKFATLTERLLGIRSVFSRPQDVRQVGFEYMNREILWHGFAEFLIFLLPLINTQKLKSKLFSWCKPAKSHGVSDPSLAVICKECCLCGEWPAMPHTIGCSHVFCYYCIKSNYMSDMYFTCPKCSSQVHNLQPLEFKIEISEVHTL
A0A1V0QSF4	4.2.3.114;4.2.3.115	MFCRLGVHQFSPLSLILNTTKLARASTLSSACYPIQCTMVNSTNITNNTTIFDNHIHRRSANYEPPIWSFDYIQSLSSSQYKGETCTSRLNELEANVKEILLVEMKSNSLAQLEFIDALQGRLLSYRFETEINTILNEKYSINIFDNPNYNLYATALEFRLLRHHGYDVSQEIFNVFKDEITSKFKARTSGEDIIGVLALYEASFYGKKSESILEEARVSSIECLENYVAMETMTRNKPSLLVNDYDDDNNMLLLVNHALELPLYWRITRSEARWFIDLYEKNHNMNSTLLEFAKLDYNMVQSIYQEDLKHLSRWWSHTKLGEKMDFFRDRLMECFLWTVGIACEPEKSYYRRMSGRLYVLITTIDDIYDVYGTLEELELFTNAVERWDVKAMDDLPEYMRMPFFLLHNTINEMAFDVLGHQNFLNVKFLKRTWVDFCKHQLQEAKWFHSGYKPTFEEYINNAWISVSGPIILMDAYFSLTNPVTKDAINLLELGYPPIIYHASMILRLTDDLGTSNDEMKRGDIPKSIQCYMNDTGVSEDEARDHMKFLISELWKEINNEDENMDSPFSKQFLQNCKNLARISQFIYQYGDGHASQDSLSKQRISELPSIINHI
A0A1V0QSH7	2.5.1.1;2.5.1.10	MDLKSKFMEVYYKLKSELLNDPAFEFTDDSRQWVEQMLDYNVPGGKLNRGLSVIDSYQILKGGKELTEEEIFLTSALGWCIEWLQAYFLVLDDIMDNSVTRRGQPCWFRVPKVGLIAANDGILLRNHIPRILKKHFKGKSYYVDLLDLFNEVEFQTASGQMIDLITTIEGEKDLSKYSIPLHHRIVQYKTAYYSFYLPVACALVMAGENLDNHVDVKNILIEMGTYFQVQDDYLDCFGHPDVIGKIGTDIEDFKCSWLVVKALEIVTDEQKKLLFEHYGKADEASVKKVKELYKTLDLEGVFADYESTSYQKLNKSIEAHPKKEVQAVLKSFLAKIYKRQK
A0A7H0DN85	2.1.1.56;2.7.7.50;3.6.1.74	MDANIVSSSTIATYIDALAKNASELEQRSTAYEINNELELVFIKPPLITLTNVVNISTIQESFIRFTVTNKEGIKIRTKIPLSKVHGLDVKNVQLVDAIDNIVWEKKSLVTENRLHKECLLRLSTEERHIFLDYKKYGSSIRLELVNLIQAKTKNFTIDFKLKYFLGSGAQSKSSLLHAINHPKSRPNTSLEIEFTPRDNETVPYDELIKELTTLSRHIFMASPENVILSPPINAPIKTFMLPKQDIVGLDLENLYAVTKTDGIPITIRVTSKGLYCYFTHLGYIIRYPVKRTIDSEVVVFGEAVKDKNWTVYLIKLIEPVNAISDRLEESKYVESKLVDICDRIVFKSKKYEGPFTTTSEVVDMLSTYLPKQPEGVILFYSKGPKSNIDFKIKKENTIDQTANVVFRYMSSEPIIFGESSIFIEYKKFTNDKGFPKEYGSGKIVLYNGVNYLNNIYCLEYINTHNEVGIKSVVVPIKFIAEFLVNGEILKPRIDKTMKYINSEDYYGNQHNIIVEHLRDQSIKIGDVFNEDKLSDVGHQYAANNDKFRLNPEVSYFTNKRTRGPLGILSNYVKTLLISMYCSKTFLDDSNKRKVLAIDFGNGADLEKYFYGEIALLVATDPDADAIARGNERYNKLNSGIKTKYYKFDYIQETIRSDTFVSSVREVFYFGKFNIIDWQFAIHYSFHPRHYATVMNNLSELTASGGKVLITTMDGDKLSKLTDKKTFIIHKNLPSSENYMSVEKIADDRIVVYNPSTMSTPMTEYIIKKNDIVRVFNEYGFVLVDNVDFATIIERSKKFINGASTMEDRPSTRNFFELNRGAIKCEGLDVEDLLSYYVVYVFSKR
A0A7J6HWR9	2.5.1.1;2.5.1.10	MADLKAKFLNVYSVLKSELLQDPAFEFTDISRQWVERMTDYNVPGGKLNRGLSVIDSYKLLKGEELTEEEIFLASALGWCIEWLQAYFLVLDDIMDNSHTRRGQPCWYKVPKVGMIAANDGVLLRNHIFRILKNHFKDKPYYVDLLDLFNEVEFQTASGQMLDLISSEGENDLSKFSLSLHRRIVQYKTAYYSFYLSVACALLMSGENLEDHVDVKNILVQMGIYFQVQDDYLDCFVDPKILGKIGTDIEDFKCSWLVVKALELSNEEQKKILNENYGKADPEKVAKVKALYKELDLEGEFADYESKSYEKLITSIESHPSKAVQAVLKSFLGKIYKRQK
A0AA51Z3J4	4.1.1.25;4.1.1.28	MGSLDIKQESSPLMTNPLDSEEFRRQGYMVIDFLAEYYKNIQKFPVRSQVEPGYLRKRLPESAPYEPESIETILKDVHDDIVPGLTHWQSPNYYAYFPSSGSTAGLLGETLAAGFNVVGFNWISSPASTELESIVMDWLAEMLNLPKSFTFSGDGGGVMMGTTCEAILTTITAARDRILDRIGREHINKLVVYGSDQTHCSFFKSAKIAGISPNNFRQVKTSRVNAFSMRPDALRAAIQADVDAGLVPFFLCTTVGTTSTAAVDPVALLCEVAKDYGMWVHIDAAYAGNACICPEFRHMINGVENADSFSFNAHKWFLTTLDCCCLWVKDPSSLVRCLSTNPEYLKNKATDTQQVVDYKDWQITLSRRFRSLKMWLVLRSYGVDYLRNFLRSHVDMAAYFEQLVRMDGRFEVVVPRSFALVCFRLSASAVIQRLYDSCHRHGHGQKFLEEETLNDVNAELLESVNSAGQIYMTHSLVDGVYMLRFAVGATLTQTHHVTYAWKQVQDHASAVLARRINSICNC
A0R4Q2	6.2.1.2;6.2.1.3;6.2.1.42	MALNIADLAEHAIDAVPDRVALISGGDQLTYGQLEEKANRFAHYLIDQGVKKDDKVGLYCRNRIEIVIAMLGIVKAGAILVNVNFRYVEGELKYLFENSDMVALVHERRYSDRVANVLPETPDIKTILVVEDGSDDDYERFGGVEFYSALEKSSPERDFGPRSEDDIYLLYTGGTTGFPKGVMWRHEDIYRVLFGGTDFATGEPIEDEYGLAKQAAANPPMVRYPIPPMIHGATQSATWMALFAGGTVLLTPEFNPDEVWQAIHDHKVNLLFFTGDAMARPLLDSLLAAKDAGKEYDLSSLFLLASTAALFSTSLKEKFLELLPNRVITDSIGSSETGFGGTSIVAKGQSHTGGPRVTIDKNTVVLDDDGNEVKPGSGVRGVIAKRGHIPLGYYKDEKKTAETFKTINGVRYAIPGDYAEVEADGSVTMLGRGSVSINSGGEKIYPEEVEAALKGHPDVFDALVVGVPDPRFGQHVAAVVHPREGTRPTLAELDAHVRTEIAGYKVPRSLWLVDEIKRSPAGKPDYRWAKDVTEERPADEVHANHVAANAK
C0PBF8	1.4.3.1;1.4.3.3	MSAAPPRRVVICGGGVVGACTAYFLATHAASPTVPTLVERCAPACAASGKAGGFLALDWCDSTPALSRLARASFALHRRLADALGGADAYGFRPVHTLSVLLPPHPAASSSPPHPLLPPWVDPSASAAPPRELGTPDTTAQVHPGLFTKAVLAASGAEVVIGEVERVAVAWDGRVAGVVVKGRDGVLDADAVVLALGPWSGRLEVVSEVFDVSGLKAHSIVLRPREPEKVTPHCLFLSYQPEPGAKMLDPEVYPRPTGEVYICGMSKDENPPDDPATITGEPDSIAMLHKIAGKVSSQLKKEEGAEVVAEQACYLPCTADGLPVIGEIPGVKGCYVATGHSCWGILNGPATGAALAELILDGKAKIVDLEPFSPARFLKRRSRRGV
C6KT66	1.5.1.38;4.2.3.5	MSTYGTLLKVTSYGESHGKAIGCVIDGFLSNIEINFDLIQKQLDRRRPNQSKLTSNRNEKDKLVILSGFDENKTLGTPITFLIYNEDIKKEDYNSFINIPRPGHGDYTYFMKYHVKNKSGSSRFSGRETATRVAAGACIEQWLYKSYNCSIVSYVHSVGNIKIPEQVSKELENKNPPSRDLVDSYGTVRYNEKEKIFMDCFNRIYDMNASMLKTDEYNKNTLTIPSIDNTYINVKTNECNINQVDNNHNNYINDKDNTFNNSEKSDEWIYLQTRCPHPYTAVQICSYILKLKNKGDSVGGIATCIIQNPPIGIGEPIFDKLEAELAKMILSIPAVKGIEFGSGFNGTYMFGSMHNDIFIPVENMSTKKESDLLYDDKGECKNMSYHSTIQNNEDQILNSTKGFMPPKNDKNFNNIDDYNVTFNNNEEKLLITKTNNCGGILAGISTGNNIVFRSAIKPVSSIQIEKETSDFYGNMCNLKVQGRHDSCILPRLPPIIEASSSMVIGDLILRQISKYGDKKLPTLFRNM
C8VDT4	4.2.1.142;4.2.1.143	MPAWSLLVLSALPVVGMFAGQTTFFSSPWETLFGTAAEQHEAAMDGRIQGRGLLSSHFGWYGWPGQTFDYVIVGGGTAGLAMAHRLSEDGSNSVAVIEAGGFYEIEAGNATEVPMFLFNYFFDNGHVKNPLFDWYQYTEAQPGLAGRKMFYMQGKTLGGSTARGAMLYHRGSKGAYQLWADRVGDDSYTWDNWLPFFKKSVQFSGPLTNPRPANATASNDVSAFAATAEEEGPVQVAYPYLTNAISSWVDKALEKMGFPEAQGFSNGQLLGRSYITHTIHPKTRRRDTASTSYLQTALRTSNSLNVITHTLVKKIDFDEEKRATGVVVNTGGFEWQIGAKKEVILSAGVMRSPQLLMVSGLGPRETLEKLDIPVLSDLPGVGQNMQDTIILGPTNPVKVESHSQLMGSKETLPRSIYEYNNFRTGLLTNPGQDYFAFEKHQPGNLSEATAADIDKAFPADWPTFSYIALDDTFVPQYDGKNYFSMSAALLATFSRGTVTINTTNTADNPVVDPRWLDDPRDKEMAVAAFRRCREIVASETMQQVIDGPELLPGFEYQTDEEILNYIAETSDAYYAGVGTCAMGKPDDPLAVLDSKARVRGVKGLRVVDASAFPFAIDGQPMATVYALAEKVAADIIAGN
D4Q9N1	3.1.1.101;3.1.1.74	MSVTTPRREASLLSRAVAVAAAAAATVALAAPAQAANPYERGPNPTESMLEARSGPFSVSEERASRLGADGFGGGTIYYPRENNTYGAIAISPGYTGTQSSIAWLGERIASHGFVVIAIDTNTTLDQPDSRARQLNAALDYMLTDASSSVRNRIDASRLAVMGHSMGGGGTLRLASQRPDLKAAIPLTPWHLNKSWRDITVPTLIIGADLDTIAPVSSHSEPFYNSIPSSTDKAYLELNNATHFAPNITNKTIGMYSVAWLKRFVDEDTRYTQFLCPGPRTGLLSDVDEYRSTCPF
D5MTT1	5.3.1.15;5.3.1.7	MKPSAVNQILQQTQHFFARFDVHLPPFAHFSPAVWQQLDRQPWQEVFDLKLGWDVTAFGDDDFARKGLTLFTLRNGSPGGKPYAKGYAEKIMHCREAQVTPMHFHWRKREDIINRGGGNLIVELHNADTRDGLAETAVTVTLDGCRQTHAAGSRLRLAPGESICLTPAIYHSFWGEEGFGDVLVGEVSTVNDDDNDNRFLQPLSRFSQIEEDQPPQWLLCHEYLRFIA
D9RZ53	5.3.1.15;5.3.1.7	MLKKSKVKEIQEKVYEALKKANIAITPEEKENIEVADFGLGDLENTGLQLLVYVNTDRYCAKELVLFPGQTCPEHRHPPVNGKPGKQETFRCRYGKVYLYVEGEKTENPHCRPPKGSEQYYTVWHEIELNPGEQYTIEPNTLHWFQAGEEGAIVSEFSSHSDDESDIFTDPRIKRIPEIED
E7F4V8	2.3.2.27;2.3.2.36	MAGAGGDKPFAKAGPSPLSRVLRISQLDAFELDGALEQLVWSQFTQCFQHFKPGILTPVEPELKALLQLLLWRFTIYSNSATVGQSLLNIRYKNALIPGQKYRPMSRPQKFWFALLTVGEKWFRERSHSLFLNHPAESNARKARKVLSILLGLTKAASLVNFLLFLQRGTFPTLTERLLGVQPVFSRPQGPRDINFQYLNRELLWHGFAEFLIFLLPLINVWKLKAGVSALFSPLSDLTGTQSSEETHLTECAICGEWPTMPHSIGCKHVFCYYCVKSNVIADIYFTCPKCGAETGQIEPVRLQVGTELLQS
E9LVH8	3.1.1.101;3.1.1.74	MANPYERGPNPTDALLEASSGPFSVSEENVSRLSASGFGGGTIYYPRENNTYGAVAISPGYTGTEASIAWLGERIASHGFVVITIDTITTLDQPDSRAEQLNAALNHMINRASSTVRSRIDSSRLAVMGHSMGGGGTLRLASQRPDLKAAIPLTPWHLNKNWSSVTVPTLIIGADLDTIAPVATHAKPFYNSLPSSISKAYLELDGATHFAPNIPNKIIGKYSVAWLKRFVDNDTRYTQFLCPGPRDGLFGEVEEYRSTCPF
Q6F999	2.7.7.1;2.7.7.18	MYKFDYLVFIGRFQPFHFAHLQTIQIALQQSREVIIALGSAQPERNIKNPFLAEERQKMILANFSAEDQARIHFVNIIDVYNDQKWVEQVKQLVNAIIESRSHVGLIGHFKDESSYYLKLFPEWTMVELESLKESMSATPMREAYYEGKIIESAFPEGTIQFLKTFQDSEIYKQLQQKYRAQDSSNLI
Q9HXC7	3.1.3.16;3.1.3.48	MHRSPLAWLRLLLAAVLGAFLLGGPLHAAETAATRSPAWAQAVDPSINLYRMSPTLYRSALPNAQSVALLQRLQVKTVVSFIKDDDRAWLGQAPVRVLSLPTHADRVDDAEVLSVLRQLQAAEREGPVLMHCKHGNNRTGLFAAMYRIVVQGWDKQAALEEMQHGGFGDEDDMRDASAYVRGADVDGLRLAMANGECSPSRFAVCHVREWMAQALDRP
Q9RVK2	3.6.1.61;3.6.1.69	MEHDERTHVPVELRAAGVVLLNERGDILLVQEKGIPGHPEKAGLWHIPSGAVEDGENPQDAAVREACEETGLRVRPVKFLGAYLGRFPDGVLILRHVWLAEPEPGQTLAPAFTDEIAEASFVSREDFAQLYAAGQIRMYQTKLFYADALREKGFPALPV
Q9VBV8	2.4.1.259;2.4.1.261	MAPPAARARYIANKADNQILSKKPPKRPGLNGNNKTKEATPAGKKKDKDAKKRNQPTSGGQEKGLPNPIMPSVQTAFKTFVSARLCSAIWAYIADCDETFNYWEPLHYIINGHGLQTWEYSPQFGLRSYTYLLLQGVPGYFYQKLFNPSPILIFYMVRCMLGFGCAVMERYMYKSICQEFGIHIGRLWLIFQLFSVGMFVSSTALLPSSFSMYFGCAALAAWWQQNYCFAIFLTAISALLGWPFAALIGIPLVLEMLLRQRDWKTFVQWTLISGATVAIPMIAIDTSYFGKLTFAPLNIVWYNVFTSHGPNIFGTEPLSYYIINGFLNFNIIWLLALQLPIMLVIDYLIVPAKSKSTLNFPHYISLAPLYLWLLVFFAQPHKEERFLFPIYPLISLCGAITVDVYQRIFFRMKSVVFKIKAGVHYLDHSMFIAILVMVTSTLLGLSRVFALYRNYHAPMDLMLELNQFKATPQYDPDVIYNVCIGKDWHRYPGSFFFPAKNFRLRFLKSEFRGMLPAYYDEGQNATKVVQPYFNDLNQENEHMYFDYDRCDFLVDFDEGKYTALEPNYSKRSKDWSVMKSLPFLIPEKSHKVLRAFYVPFLTDNHIQYGDFNLLKRKTKRNGR
S0EQ07	2.5.1.32;5.5.1.19	MGWEYAQVHLKYTIPFGVVLAAVYRPLMSRLDVFKLVFLITVAVVSTIPWDSYLIKNRIWTYPPGVVVGLTAWDIPAEELFFFVIQTFNTSLLYMILSKPTFHPIYLSKKTGWGKIAGQILFASAIIFGLVSVSSGGEGMYMGLILIWACPFLLFLWSISYQFIVNLPWTNTALPIALPTLYLWVVDTFALRRGTWSITSGTKYGVVLWDGLEIEEAVFFLLTNTLIVFGLIACDNNLAILDTFPEHFPRTKGVPSLLTIIRTLILPKEKYDEERIQGLVSAVALLRKKSRSFYLASGTFEGRLRIDLIRLYAFCRAADDLVDEAPSVDDSRASIEKLRKFLDLAYEENQEEPSQRLREYVTSSIPEMFHMALLQLPTYYLPKQPLDDLLKGFDTDLLFDRKSGAFPIETTEDLDIYGSRVAGTVAELCNHLILYHTPEAVPEDIQREVVASGQEMGIALQYVNIARDIKTDAEIDRVYLPLSWLKEAQLTPEDVIQQPHGPTIEALRHKLLDRAFEKYNMAKGAIDKLPSEGKGPIRVAVESYMEIGRVLREKGPTMKKGRATVPKMRRIRVAWSALNK
V9TNS0	3.2.1.37;3.2.1.55	MAPLITNIYTADPSAHVFNGKLYIYPSHDRETDIQFNDNGDQYDMADYHVFSLDSLDPPSEVTDHGVVLKVEDIPWVSKQLWAPDAATKDGKYYLYFPARDKEGIFRIGVAVSDKPEGPFTPDPEPIKGSYSIDPAVFVDDDGSAYMYFGGLWGGQLQCYQKGNNIFDAEWSGPKEPSGSGAKALGPRVAKLTDDMRQFAEEVREIVILAPETGEPLAADDHDRRFFEAAWMHKYNGKYYFSYSTGDTHYLVYAVGDSPYGPFTYGGRILEPVLGWTTHHSIVEFQGRWWLFHHDCELSKGVDHLRSVKVKEIWYDKDGKIVTEKPE
W1QET1	2.7.7.80;2.8.1.11	MSLSLNEYLRYGRQLIVPEFGLQGQISLKNSRVLVVGAGGLGCPALQYLVGAGFGTVGIVDHDTVDISNLHRQILHTSETVEMLKCESAKLQLAKLNPLVQINTHPVALSPDNSFGIFEQYDIILDCTDTPATRYLINDTAVLLGLTVISGSGLKTEGQLSILNFNNTGPCYRCFYPTPPPPSSVTACSDGGVLGPVIGIMGVMMALEAIKVVSGYYLREDVEFQPFLSLYSGYGPLQSLRTFKMRRRSPKCRVCNAGTREITRHVIETELDYAVWCGKMDYNVLEKDERVSVEQLSAQRAPYLVDVRAKEQYSIVHLPNSINIPLNALKHMDTLDVPKETMIYVICRFGNDSQLAVKHLKSIGYENCVDVIGGLTQWSRQIDPNFPIY
W8JNL4	2.5.1.63;2.5.1.94	MTTTNGRRPIIAFMSDLGITDDSVAQCKGLMLSVCPDVTIVDICHTMQPWDVEEGARYIVDLPRLFPEGTVFATTTYPATGTTARSVALRIAHASKGGARGQWAGSGAGFERKEGSYIYIAPNNGLLTTVIKEHGYLEAYEVSSPEVIPEQPEPTFYSREMVALPSAHLAAGFPLEKVGRRLADDEIVRFERKDPELVADHDLVGYVTNIDHPFGNVWTNIHRTDLEKLGVGYGTKLRITLDGVLPFELPLSPTFADAGEIGAAVAYLSSRGYLALARNAASLAYPYNLKAGISVQVKVG
A0A1H1YBL2	4.4.1.11;4.4.1.2	MNSMHPETLMVHGGMDGLTEAGVHVPAIDLSTTNPVNDVATGGDSYEWLATGHALKDGDSAVYQRLWQPGVARFETALAELEHADEAVAFATGMAAMTAALLAAVNAGTPHIVAVRPLYGGSDHLLETGLLGTTVTWAKEAEIASAIQDDTGLVIVETPANPSLDLVDLDSVVAAAGTVPVLVDNTFCTPVLQQPIRHGAALVLHSATKYLGGHGDAMGGIIATNSDWAMRLRQVRAITGALLHPMGAYLLHRGLRTLAVRMRAAQTTAGELAERLAAHPAITAVHYPGLNGQDPRGLLGRQMSGGGAMIALELAGGFDAARSFVEHCSLVVHAVSLGGADTLIQHPASLTHRPVAATAKPGDGLIRLSVGLEHVDDLEDDLIAALDASRAAA
A0A4D6G3C8	1.1.3.6;5.3.3.1	MTINNYDYDYLIIGSGFGGSVSACRLTEKGYSVAVMEMGRRWKAEDFAKNNWNTRRWIWRPGMKLFGYFNMRFFRHVTIICGNAVGGGSITYANTLLVPPEHIWDEGTWADAADWKNEMPQHYAEAERMLGVTDNKIFGPADHMLKKMGEAVGVGHTFKPTRVATFFPPEGEEGGKTYPDPYFNGEGPDRGTCTACGGCMTGCKHNAKNTLDKNYLYFAEKNGAKVYEETKVVDVKPLNGKADGSDGYEVTTGCSSSWFNKQRRTWRVRNVIFSASSLGTQEMLFRLKQSGSLPNISDDLGNRVRTNAESILGVRFFGKDVDMSKGVAIGSSIYIDHDTHIEATRYQSGSDAMGLMCTYMAKGKPGWTRIFFWLWALICHPFIFLRMSNPVSFARQTLIFLVMQTADASINMRLKRNWFWPFGKVLSSEGKKLPVYIPQANAFTEKVAKMFNGHPMTTITEILFNVPFTAHCMGGCAIASSPERGVVDGQNRVFNYKNLYVVDGSMLGANLGVNPSLTITALAERAMSYIPAKHTLEEQAYTQTHNEVLEAAKVSA
A0A7H0DNE2	1.1.1.145;5.3.3.1	MAVYAVTGGAGFLGRYIVKLLISADDVQEIRVIDIVEDPQPITSKVKVINYIQCDINDFDKVREALDGVNLIIHTAALVDVFGKYTDNEIMKVNYYGTQTILAACVDLGIKYLIYTSSMEAIGPNKHGNPFIGHEHTLYDISPGHVYAKSKRMAEQLVMKANNSVIMNGAKLYTCCLRPTGIYGEGDKLTKVFYEQCKQHGNIMYRTVDDDAVHSRVYVGNVAWMHVLAAKYIQYPGSAIKGNAYFCYDYSPSCSYDMFNLLLMKPLGIEQGSRIPRWMLKMYACKNDMKRILFRKPSILNNYTLKISNTTFEVRTNNAELDFNYSPIFDVDVAFERTRKWLEESE
A0A7J6HK32	4.2.3.104;4.2.3.57	MSYQVLASSQNDKVSKIVRPTTTYQPSIWGERFLQYSISDQDFSYKKQRVDELKEVVRREVFLECYDNVSYVLKIVDDVQRLGLSYHFENEIEKALQHIYDNTIHQNHKDEDLHDTSTRFRLLRQHGFMVSSNIFKIFKDEQGNFKECLITDIPGLLSLYEASHLSYIGENILDEALAFTTTHLHQFVKNEKTHPLSNEVLLALQRPIRKSLERLHARHYISSYENKICHNKTLLELAKLDFNLLQCLHRKELSQISRWWKEIDFVHKLPFARDRIVELYLWLLGVFHEPELSLARIISTKVIALASVADDIYDAYGTFEELELLTESINRWDLNCADQLRPECLQTFYKVLLNCYEEFESELGKEESYKVYYAREAMKRLLGAYFSEARWLHEGYFPSFDEHLKVSLISCGYTMMIVTSLIGMKDCVTKQDFEWLSKDPKIMRDCNILCRFMDDIVSHKFEQQRDHSPSTVESYMRQYGVSEQEACDELRKQVINSWKEINKAFLRPSNVPYPVLSLVLNFSRVMDLLYKDGDGYTHIGKETKNSVVALLIDQIP
A0A858EAD5	4.2.3.106;4.2.3.46	MSIYDDIFKQFPTIDEWSESNEKIMLEPYTHLGINTAKELPSMVTKAFNHWYQVPQPALDIILQIVGPIHAACLLIDDIQDDSDLRGGNPVAHKVYGVAQTINTATYVCFDAYHKISKLTPFSKSPETTDLWSIINDEIAALHRGQWIDLYWRDSLICPTEEEYLRMIHNKTGAIFRLPIKLLQALSPVDSPPDCFPLVNVVGILVQIRNDLLSLSPDFTKDKGFCEDFSEGKFSFPIIHSVKADSSNSLLIDILRLRPKDEPTKRKALRYMKDQTKSLDHTFDVLCKLEKTAKEELEKLGGNSELSSILELIQVSPIPEIADR
A5K264	1.5.1.38;4.2.3.5	MSTYGTLLKVTSFGESHGKAIGCVIDGFLPNVEINFDLIQRQLNRRRPNQSKLTSNRNEPDKLIVLSGFDENKTLGTPITFLINNEDVIKKNYSSFIDIPRPGHGDYTYFKKYNVKNKSGSSRFSGRETATRVAAGACIEQWLHTFYNCTIVCYVHSVGNIKLPEQVSKDFERNPPSRDLVDAHGAVKYHQGRGTFTDFFGNVYNANGEFLRGGEAAPEGATPADGTPTDGNPTDDPLANARERLSDPGECTLLQTRCPHPLTAVKICSYILKLKKAGDSIGGVATCIAHNVPVGIGEPIFEKMEAELGKIILSIPAVKGIEFGSGFDGTYMLGSDHNDLFGTLDVPEEGPCQRGWTLTDALDSKRGEVTPGGSRAQEGTSFEKDACHRSGHLSNLSGYPSNGSGNPPNGSDHPSNRSGNPPNRSDPRVDESTRETSPPSGEKLLVTTSNNCGGILAGITTGNNIVFRSAIKPVSSIQIEKETCNFFGEKCKLKVTGMHDCCILPRLPPIIEASTSIVIGDMILRQVAKYGHSKLPSVGSLSRSTRE
B2RVI8	2.8.2.14;2.8.2.2	MMSDYSWFEGIPLPDMWVQKEIVEDVHNKFVVKDEDLIILTYPKSGTNWLIEIVCLIQTKGDPKWIQSVPNWERSPWLESKSGYSVLTSKEGPRLMTSHLPIHLFSKSFFSSKAKVIYLIRNPRDVLVSGYFFWANTNLVKNLESLGIYFEQFLKGNVRYGSWFEHIHGWLSMRERNNFLVLYYEDMKKDAKGTIKKICDFLGKNLGPDELDLVLKYSSFQAMKENNMSNYSLIKEDQITNGLKLMRKGTTGDWKNHFTVAQTEAFDKVFQDKMVGFPPGMFPWE
B6CDL6	1.5.1.37;1.5.1.42	MSATDLSPTSLREAFGHFPSGVIAIAAEVDGTRVGLAASTFVPVSLEPPLVAFCVQNSSTTWPKLKDLPSLGISVLGEAHDTAARTLAAKTGDRFAGLETESRDSGAVFINGTSVWLESAIEQLVPAGDHTIVVLRVSDIVINEAVPPIVFHRSAFRKLGA
B6K412	4.2.1.129;5.4.99.17	MKTDGNTTLDTTISMEELERTVKSAYEALAKDQQDDGHWIYELEADVTIPAQFILLEHTLDKIDEELEQKIANYLRRCQSREHWGWPVYYGGEFNISASVQAYFALKMTGEDINAPHMVRAREAILAHGGPEYANVFTRIQLSLFGEASWLATPFMPVEIMLLPRWMYFSIWNMSYWSRTTVAPLLIVADLKPKAINPRNVHIPELFPTPPDKVKTWIHGPFRSKWGHVFKFIDTAIRPFTRFVPSFLHKKAYKAALDFIEPRLNGVDGLGAIYPPMSYSAVMYRALGIPDDDPRAATNWEALKGLLVIKEREAYCQACVSPVWDTALSGHALMEASFGPDGINADRTEKLIDRAAHWLRAHQVLNVVGDWAINNPNLQPGGWAFQYGNDYYPDVDDTAVAAMLLHRQNLPENEEALDRARKWIIGMQSSNGGWGAFDIDNDKQILNDIPFADHGALLDPPTADVSARCISLLAELGHPEDRPVIERGIKYLRKEQEEDGSWFGRWGTNYIYGAWSVLCAFNASGVPHDDPSVLKCVNFLKSVQREDGGWGESCETYEGSAHGVYTESLPSQTAWAVLGLMASGRRTDPAVKRGIVWLIQHQQDNGEWAEEPFNAVGFPRMFYLHYLGYKQFFPLLALARYRHMEKSGTNNVSFAF
P0DV45	1.7.2.1;1.7.2.6	MLNKSAALVPVVLAFLFLFLCFQCLYADIRCLTGKDGAVHLEMEAKPLTIEPRPGVFFDAWGYCLKGDVPTVPGPVIKVREGTKVKILFRNKLTVPASIHPHGVKYTTANVGVNIAGNPASIVAPGDSRIFEWDTAGTPGTWFYHSYVFERGGEEGLSRGLWGALIVEPVGGDPNPPDKEFVVFMHAFNVNGQEYYAFNNKSGDIELMRGDSSAFPGETWKAKMGDKVRFHLINITEEAHTFHTHGHRWLDKSCDKLIDTIGLNPFDSYVLDFVAGEGVGKGNWAFHCQSQEHMMNGMFGIFMVEEGKRVNAVIASCDEGRKTLSAPGQDRQPPTLEGFSGAYMYPEITEKNMYESFAGLEKGDGIWGDYYSPIPLYTYFNPSRHYVPPESDAYTNLLVKYRPDQCVECHEETTPGIVAEWKMSNHANPKKNPHVSAETQEIEALIGKELNNWRPGTKDGVYCSYCHGSDHEKLFMPTVDNSCGACHPKQAAEFIKGRDHGRPNHPQSWEGNVSTPWYAEYYRRGEGYSMVGCDQCHQNMSSCDDCHSRHRFSAAEARRPEACSICHMGPDHPDWESYSRSKWGVIYETTKERWNWDKNLAEVIPGEDYLAPTCQYCHMYVGNNKWEMNVETKGIWRMGVIPPKEVEFKSGLKDFPYGIKIPPMDKKLEIYSAESQEKRRKWVELCSKCHSSRFAGMWLDSLDQYMFESWRRIDEAQLIIEKLFSENAIEPPPEKRPPFPLSDLIIKVLGAEKLGAEMYRLFKQTNGHLPVIGPILGAYSIFTQNEGNPGGIEREYAEMWFWSHLQGYKGAAHAQPDISWWWGTAQGVGNLTRIRDEAEKLRRLKSGSSSGF
Q7D5F9	3.1.1.1;3.1.4.3	MSSYYARRPLQSSGCSNSDSCWDGAPIEITESGPSVAGRLAALASRMTIKPLMTVGSYLSPLPLPLGFVDFACRVWRPGQGTVRTTINLPNATAQLVRAPGVRAADGAGRVVLYLHGGAFVMCGPNSHSRIVNALSGFAESPVLIVDYRLIPKHSLGMALDDCHDAYQWLRARGYRPEQIVLAGDSAGGYLALALAQRLQCDDEKPAAIVAISPLLQLAKGPKQDHPNIGTDAMFPARAFDALAAWVRAAAAKNMVDGRPEDLYEPLDHIESSLPPTLIHVSGSEVLLHDAQLGAGKLAAAGVCAEVRVWPGQAHLFQLATPLVPEATRSLRQIGQFIRDATADSSLSPVHRSRYVAGSPRAASRGAFGQSPI
V9TT49	3.2.1.37;3.2.1.55	MPQVRNPILPGFNPDPSILRVGEDYYIATSTFEWYPGVQIHHSRDLANWELVARPLNRKSQLDMRGNPDSCGIWAPCLSHDGERFWLVYTDVKRKDGSFKDTPNYIVTAEKIEGPWSDPIYINSSGFDPSLFHDDDGRKWFVNMLWDHRRRPQLFEGIVLQEFDPKAGKLVGPRKNIFTGTDLALVEGPHLYKRNGWYYLLTAEGGTGYEHACTFARSRNIWGPYEVHPQKYILTSKDHPHAALQRAGHGDIVDTPDGRTYLVHLTGRPTTQFRRCVLGRETAIQEAYWGDDDWLYVKNGPVPSLWVDLPAARDDTKYWEEKRYTFESGLHKDFQWLRTPETDRIFRTREDGKLTLIGRESIGSWFEQALVARRQTHFSCDAETVIDFSPEDQRQFAGLTAYYCRYNFFYLAVSAHSDGQRELFIMASEASWPLGELRYPVPEGVRIPNEGKVRLALTIRGRELQFYYALEGEELKKIGPVLDASIVSDECGGHQKHGSFTGAFVGVAASDLNGTAAEATFDYFIYRPVQHPSDRYEI
